[{"pk": 1, "model": "tcc.report", "fields": {"name": "LAB"}}, {"pk": 2, "model": "tcc.report", "fields": {"name": "FIELD"}}, {"pk": 1, "model": "tcc.userprofile", "fields": {"website": "http://sandymadaan.wordpress.com/", "city": "jalalabad", "name": "Sandeep kaur", "user": 1, "contact_no": "9041377176", "state": "Punjab", "address_1": "Near Urang Palace", "address_2": "Roop nagar", "type_of_organisation": "GOVERNMENT", "pin_code": 152024}}, {"pk": 2, "model": "tcc.userprofile", "fields": {"website": "http://sandymadaan.wordpress.com/", "city": "jalalabad", "name": "Manvir singh", "user": 1, "contact_no": "9041377176", "state": "Punjab", "address_1": "Near Urang Palace", "address_2": "Roop nagar", "type_of_organisation": "SEMI-GOVERNMENT", "pin_code": 152024}}, {"pk": 3, "model": "tcc.userprofile", "fields": {"website": "http://sandymadaan.wordpress.com/", "city": "amritsr", "name": "sapan", "user": 1, "contact_no": "948359831", "state": "Punjab", "address_1": "Near Urang Palace", "address_2": "kjxh", "type_of_organisation": "SEMI-GOVERNMENT", "pin_code": 18789}}, {"pk": 4, "model": "tcc.userprofile", "fields": {"website": "http://jf.com/", "city": "dkjn", "name": "daman", "user": 1, "contact_no": "09487", "state": "Arunachal Pradesh", "address_1": "jasd", "address_2": "kdj", "type_of_organisation": "SEMI-GOVERNMENT", "pin_code": 98372}}, {"pk": 5, "model": "tcc.userprofile", "fields": {"website": "http://haman.com/", "city": "ldh", "name": "harman", "user": 1, "contact_no": "999999999", "state": "Punjab", "address_1": "gndec", "address_2": "ldh", "type_of_organisation": "SEMI-GOVERNMENT", "pin_code": 141006}}, {"pk": 6, "model": "tcc.userprofile", "fields": {"website": "http://sarabha.com/", "city": "ludhiana", "name": "sukhdeep", "user": 1, "contact_no": "283723756", "state": "Punjab", "address_1": "sarabha nagar", "address_2": "", "type_of_organisation": "SEMI-GOVERNMENT", "pin_code": 161007}}, {"pk": 7, "model": "tcc.userprofile", "fields": {"website": "http://wd.vom/", "city": "dkjn", "name": "sahib", "user": 1, "contact_no": "23342113", "state": "Chhattisgarh", "address_1": "kand", "address_2": "dk", "type_of_organisation": "PRIVATE", "pin_code": 87326}}, {"pk": 8, "model": "tcc.userprofile", "fields": {"website": "http://sahib.com/", "city": "jalalabad", "name": "Sahib preet kaur", "user": 2, "contact_no": "878676565454", "state": "Punjab", "address_1": "Near Urang Palace", "address_2": "Roop nagar", "type_of_organisation": "GOVERNMENT", "pin_code": 152024}}, {"pk": 10, "model": "tcc.userprofile", "fields": {"website": "http://jameen.com/", "city": "patiala", "name": "jasmeen kharoud", "user": 1, "contact_no": "981742667", "state": "Punjab", "address_1": "lang", "address_2": "nsv", "type_of_organisation": "GOVERNMENT", "pin_code": 82347}}, {"pk": 1, "model": "tcc.lab", "fields": {"code": "01", "name": "ENVIRONMENT", "tags": "environment"}}, {"pk": 2, "model": "tcc.lab", "fields": {"code": "02", "name": "SOM", "tags": "som"}}, {"pk": 3, "model": "tcc.lab", "fields": {"code": "03", "name": "SOIL", "tags": "soil"}}, {"pk": 4, "model": "tcc.lab", "fields": {"code": "04", "name": "WATER/WASTE WATER", "tags": "water, waste water"}}, {"pk": 5, "model": "tcc.lab", "fields": {"code": "05", "name": "CHEMICAL", "tags": "chemical"}}, {"pk": 1, "model": "tcc.material", "fields": {"report": 1, "code": "01", "name": "BRICKS", "lab": 2, "tags": "bricks"}}, {"pk": 2, "model": "tcc.material", "fields": {"report": 1, "code": "01", "name": "FINE AGGREGATES", "lab": 3, "tags": "fine aggregates"}}, {"pk": 3, "model": "tcc.material", "fields": {"report": 1, "code": "02", "name": "PAVERS/BEAMS", "lab": 2, "tags": "pavers, beams"}}, {"pk": 4, "model": "tcc.material", "fields": {"report": 1, "code": "02", "name": "CEMENT", "lab": 2, "tags": "cement"}}, {"pk": 5, "model": "tcc.material", "fields": {"report": 2, "code": "03", "name": "SOIL FOR BC", "lab": 3, "tags": "soil for bc"}}, {"pk": 6, "model": "tcc.material", "fields": {"report": 2, "code": "04", "name": "OHSR", "lab": 3, "tags": "ohsr"}}, {"pk": 1, "model": "tcc.test", "fields": {"code": "01", "name": "AIV", "tags": "fine aggregates", "material": 2, "cost": 800, "unit": "kg", "quantity": 3}}, {"pk": 2, "model": "tcc.test", "fields": {"code": "02", "name": "SILT CONTENT", "tags": "silt content", "material": 2, "cost": 800, "unit": "kg", "quantity": 3}}, {"pk": 3, "model": "tcc.test", "fields": {"code": "03", "name": "FINENESS MODULUS", "tags": "fineness modulus", "material": 2, "cost": 800, "unit": "kg", "quantity": 3}}, {"pk": 4, "model": "tcc.test", "fields": {"code": "01", "name": "depth 0 to10", "tags": "ohsr depth 0 to 10", "material": 5, "cost": 0, "unit": "meter", "quantity": 6000}}, {"pk": 5, "model": "tcc.test", "fields": {"code": "01", "name": " 25000 Litre Capacity", "tags": "25000litre", "material": 6, "cost": 6000, "unit": "litre", "quantity": 1}}, {"pk": 6, "model": "tcc.test", "fields": {"code": "02", "name": "50000 Litres Capacity", "tags": "75000", "material": 6, "cost": 6000, "unit": "litre", "quantity": 1}}, {"pk": 7, "model": "tcc.test", "fields": {"code": "03", "name": "75000 Litre Capacity", "tags": "75000litre", "material": 6, "cost": 6000, "unit": "litre", "quantity": 1}}, {"pk": 8, "model": "tcc.test", "fields": {"code": "04", "name": "1.0 Lac Litres Capacity ", "tags": "1laclitre", "material": 6, "cost": 8200, "unit": "litre", "quantity": 1}}, {"pk": 9, "model": "tcc.test", "fields": {"code": "05", "name": "1.5 Lac Litres Capacity ", "tags": "1.5laclitre", "material": 6, "cost": 8200, "unit": "litre", "quantity": 1}}, {"pk": 10, "model": "tcc.test", "fields": {"code": "06", "name": "2.0 Lac Litres Capacity ", "tags": "2laclitre", "material": 6, "cost": 8200, "unit": "litre", "quantity": 1}}, {"pk": 11, "model": "tcc.test", "fields": {"code": "07", "name": "2.5 Lac Litres Capacity ", "tags": "2.5laclitre", "material": 6, "cost": 8200, "unit": "litre", "quantity": 1}}, {"pk": 12, "model": "tcc.test", "fields": {"code": "08", "name": "5.0 Lac Litres Capacity ", "tags": "5laclitre", "material": 6, "cost": 10600, "unit": "litre", "quantity": 1}}, {"pk": 13, "model": "tcc.test", "fields": {"code": "02", "name": "depth 10 to 20 m", "tags": "ohsr depth 10 to 20", "material": 5, "cost": 900, "unit": "meter", "quantity": 6000}}, {"pk": 14, "model": "tcc.test", "fields": {"code": "03", "name": "depth 20 to 30 m", "tags": "ohsr depth 20 to 30", "material": 5, "cost": 1200, "unit": "meter", "quantity": 6000}}, {"pk": 15, "model": "tcc.test", "fields": {"code": "04", "name": "depth more than 30 m", "tags": "ohsr depth more than 30", "material": 5, "cost": 1500, "unit": "meter", "quantity": 6000}}, {"pk": 16, "model": "tcc.test", "fields": {"code": "01", "name": "Comp. Strength  ", "tags": "comp. strength", "material": 1, "cost": 1200, "unit": "Bricks", "quantity": 10}}, {"pk": 17, "model": "tcc.test", "fields": {"code": "02", "name": "Water Absorption  ", "tags": "water absorption", "material": 1, "cost": 1200, "unit": "Bricks", "quantity": 10}}, {"pk": 18, "model": "tcc.test", "fields": {"code": "03", "name": "Effloroscence  ", "tags": "effloroscence", "material": 1, "cost": 1200, "unit": "Bricks", "quantity": 10}}, {"pk": 19, "model": "tcc.test", "fields": {"code": "01", "name": "Comp. Strength  ", "tags": "comp. strength for pavers", "material": 3, "cost": 300, "unit": "C.paver", "quantity": 1}}, {"pk": 20, "model": "tcc.test", "fields": {"code": "02", "name": "Flexural Strength  ", "tags": "flexural strength for pavers", "material": 3, "cost": 300, "unit": "C.paver", "quantity": 1}}, {"pk": 21, "model": "tcc.test", "fields": {"code": "03", "name": "Water Absorption  ", "tags": "water absorption for pavers", "material": 3, "cost": 300, "unit": "C.paver", "quantity": 1}}, {"pk": 22, "model": "tcc.test", "fields": {"code": "01", "name": "Initial & Final Setting time Comp. Strength (at 7 day\u2019s  curing) , at 28 day\u2019s curing, Soundness, Fineness, Consistency  ", "tags": "cement tests", "material": 4, "cost": 2500, "unit": "kg", "quantity": 15}}, {"pk": 1, "model": "tcc.clientadd", "fields": {"client": 2, "user": 1}}, {"pk": 2, "model": "tcc.clientadd", "fields": {"client": 8, "user": 1}}, {"pk": 3, "model": "tcc.clientadd", "fields": {"client": 3, "user": 1}}, {"pk": 4, "model": "tcc.clientadd", "fields": {"client": 1, "user": 1}}, {"pk": 5, "model": "tcc.clientadd", "fields": {"client": 1, "user": 1}}, {"pk": 6, "model": "tcc.clientadd", "fields": {"client": 1, "user": 1}}, {"pk": 1, "model": "tcc.govt", "fields": {"name": "GOVERNMENT"}}, {"pk": 2, "model": "tcc.govt", "fields": {"name": "SEMI-GOVERNMENT"}}, {"pk": 3, "model": "tcc.govt", "fields": {"name": "PRIVATE"}}, {"pk": 1, "model": "tcc.payment", "fields": {"name": "CASH"}}, {"pk": 2, "model": "tcc.payment", "fields": {"name": "CHEQUE"}}, {"pk": 3, "model": "tcc.payment", "fields": {"name": "ONLINE"}}, {"pk": 4, "model": "tcc.payment", "fields": {"name": "DD"}}, {"pk": 1, "model": "tcc.job", "fields": {"check_dd_date": "", "pay": "CASH", "type_of_work": 2, "site": "ludhiana", "client": 1, "report_type": 1, "job_no": 1, "date": "2012-11-16", "check_number": ""}}, {"pk": 2, "model": "tcc.job", "fields": {"check_dd_date": "", "pay": "ONLINE", "type_of_work": 2, "site": "Gandhi Nagar, Patiala", "client": 1, "report_type": 2, "job_no": 1, "date": "2012-11-16", "check_number": ""}}, {"pk": 3, "model": "tcc.job", "fields": {"check_dd_date": "", "pay": "ONLINE", "type_of_work": 3, "site": "ludhiana", "client": 2, "report_type": 2, "job_no": 2, "date": "2012-11-16", "check_number": ""}}, {"pk": 4, "model": "tcc.job", "fields": {"check_dd_date": "", "pay": "CASH", "type_of_work": 2, "site": "jhwjdb", "client": 2, "report_type": 1, "job_no": 2, "date": "2012-11-16", "check_number": ""}}, {"pk": 5, "model": "tcc.job", "fields": {"check_dd_date": "", "pay": "ONLINE", "type_of_work": 2, "site": "ajit Nagar, Patiala", "client": 3, "report_type": 2, "job_no": 3, "date": "2012-11-16", "check_number": ""}}, {"pk": 6, "model": "tcc.job", "fields": {"check_dd_date": "", "pay": "CASH", "type_of_work": 2, "site": "pakhowal", "client": 3, "report_type": 1, "job_no": 3, "date": "2012-11-16", "check_number": ""}}, {"pk": 7, "model": "tcc.job", "fields": {"check_dd_date": "", "pay": "CASH", "type_of_work": 2, "site": "ludhiana", "client": 4, "report_type": 1, "job_no": 4, "date": "2012-11-18", "check_number": ""}}, {"pk": 8, "model": "tcc.job", "fields": {"check_dd_date": "", "pay": "CASH", "type_of_work": 2, "site": "ludhiana", "client": 5, "report_type": 2, "job_no": 4, "date": "2012-11-18", "check_number": ""}}, {"pk": 9, "model": "tcc.job", "fields": {"check_dd_date": "", "pay": "CASH", "type_of_work": 2, "site": "ludhiana", "client": 6, "report_type": 1, "job_no": 5, "date": "2012-11-19", "check_number": ""}}, {"pk": 1, "model": "tcc.clientjob", "fields": {"test": [1, 2], "job": 1, "material": 2}}, {"pk": 2, "model": "tcc.clientjob", "fields": {"test": [22], "job": 4, "material": 4}}, {"pk": 3, "model": "tcc.clientjob", "fields": {"test": [19], "job": 6, "material": 3}}, {"pk": 4, "model": "tcc.clientjob", "fields": {"test": [16, 17], "job": 7, "material": 1}}, {"pk": 5, "model": "tcc.clientjob", "fields": {"test": [16, 17], "job": 9, "material": 1}}, {"pk": 1, "model": "tcc.suspencejob", "fields": {"test": 13, "field": 5, "job": 2, "other": "12"}}, {"pk": 2, "model": "tcc.suspencejob", "fields": {"test": 5, "field": 6, "job": 3, "other": ""}}, {"pk": 3, "model": "tcc.suspencejob", "fields": {"test": 13, "field": 5, "job": 5, "other": "11"}}, {"pk": 4, "model": "tcc.suspencejob", "fields": {"test": 5, "field": 6, "job": 8, "other": "12"}}, {"pk": 1, "model": "tcc.testtotal", "fields": {"type": "ROUTINE", "mat": 2, "unit_price": 1600, "job_no": 1}}, {"pk": 2, "model": "tcc.testtotal", "fields": {"type": "ROUTINE", "mat": 5, "unit_price": 7800, "job_no": 1}}, {"pk": 3, "model": "tcc.testtotal", "fields": {"type": "ROUTINE", "mat": 6, "unit_price": 6000, "job_no": 3}}, {"pk": 4, "model": "tcc.testtotal", "fields": {"type": "ROUTINE", "mat": 4, "unit_price": 2500, "job_no": 2}}, {"pk": 5, "model": "tcc.testtotal", "fields": {"type": "ROUTINE", "mat": 5, "unit_price": 6900, "job_no": 3}}, {"pk": 6, "model": "tcc.testtotal", "fields": {"type": "ROUTINE", "mat": 3, "unit_price": 300, "job_no": 3}}, {"pk": 7, "model": "tcc.testtotal", "fields": {"type": "ROUTINE", "mat": 1, "unit_price": 2400, "job_no": 4}}, {"pk": 8, "model": "tcc.testtotal", "fields": {"type": "ROUTINE", "mat": 6, "unit_price": 6000, "job_no": 4}}, {"pk": 9, "model": "tcc.testtotal", "fields": {"type": "ROUTINE", "mat": 1, "unit_price": 2400, "job_no": 5}}, {"pk": 1, "model": "tcc.bill", "fields": {"service_tax": 160, "education_tax": 3, "price": 1600, "net_total": 1765, "higher_education_tax": 2}}, {"pk": 2, "model": "tcc.bill", "fields": {"service_tax": 250, "education_tax": 5, "price": 2500, "net_total": 2758, "higher_education_tax": 3}}, {"pk": 3, "model": "tcc.bill", "fields": {"service_tax": 1320, "education_tax": 26, "price": 13200, "net_total": 14559, "higher_education_tax": 13}}, {"pk": 4, "model": "tcc.bill", "fields": {"service_tax": 840, "education_tax": 17, "price": 8400, "net_total": 9265, "higher_education_tax": 8}}, {"pk": 5, "model": "tcc.bill", "fields": {"service_tax": 240, "education_tax": 5, "price": 2400, "net_total": 2647, "higher_education_tax": 2}}, {"pk": 1, "model": "tcc.amount", "fields": {"unit_price": 1600, "consultancy_asst": 384, "admin_charge": 80, "development_fund": 896, "report_type": "General_report", "job_no": 1, "college_income": 240}}, {"pk": 2, "model": "tcc.amount", "fields": {"unit_price": 7800, "consultancy_asst": null, "admin_charge": null, "development_fund": null, "report_type": "Suspence", "job_no": 2, "college_income": null}}, {"pk": 3, "model": "tcc.amount", "fields": {"unit_price": 6000, "consultancy_asst": null, "admin_charge": null, "development_fund": null, "report_type": "Suspence", "job_no": 3, "college_income": null}}, {"pk": 4, "model": "tcc.amount", "fields": {"unit_price": 2500, "consultancy_asst": 600, "admin_charge": 125, "development_fund": 1400, "report_type": "General_report", "job_no": 2, "college_income": 375}}, {"pk": 5, "model": "tcc.amount", "fields": {"unit_price": 6900, "consultancy_asst": null, "admin_charge": null, "development_fund": null, "report_type": "Suspence", "job_no": 3, "college_income": null}}, {"pk": 6, "model": "tcc.amount", "fields": {"unit_price": 300, "consultancy_asst": 72, "admin_charge": 15, "development_fund": 168, "report_type": "General_report", "job_no": 3, "college_income": 45}}, {"pk": 7, "model": "tcc.amount", "fields": {"unit_price": 2400, "consultancy_asst": 576, "admin_charge": 120, "development_fund": 1344, "report_type": "General_report", "job_no": 4, "college_income": 360}}, {"pk": 8, "model": "tcc.amount", "fields": {"unit_price": 6000, "consultancy_asst": null, "admin_charge": null, "development_fund": null, "report_type": "Suspence", "job_no": 4, "college_income": null}}, {"pk": 9, "model": "tcc.amount", "fields": {"unit_price": 2400, "consultancy_asst": 576, "admin_charge": 120, "development_fund": 1344, "report_type": "General_report", "job_no": 5, "college_income": 360}}, {"pk": 1, "model": "tcc.distance", "fields": {"job": 1, "sandy": "0.000"}}, {"pk": 2, "model": "tcc.distance", "fields": {"job": 2, "sandy": "124.044"}}, {"pk": 3, "model": "tcc.distance", "fields": {"job": 3, "sandy": "99.006"}}, {"pk": 4, "model": "tcc.distance", "fields": {"job": 5, "sandy": "191.668"}}, {"pk": 5, "model": "tcc.distance", "fields": {"job": 8, "sandy": "7.473"}}, {"pk": 1, "model": "tcc.suspence", "fields": {"test_date": null, "boring_charge_internal": null, "field_testing_staff": "", "job_no": 2, "rate": 2480, "sus": 1, "suspence_bill_no": null, "lab_testing_staff": "", "labour_charge": null, "work_charge": null, "car_taxi_charge": null, "boring_charge_external": null}}, {"pk": 2, "model": "tcc.suspence", "fields": {"test_date": null, "boring_charge_internal": null, "field_testing_staff": "", "job_no": 3, "rate": 1980, "sus": 2, "suspence_bill_no": null, "lab_testing_staff": "", "labour_charge": null, "work_charge": null, "car_taxi_charge": null, "boring_charge_external": null}}, {"pk": 3, "model": "tcc.suspence", "fields": {"test_date": null, "boring_charge_internal": null, "field_testing_staff": "", "job_no": 3, "rate": 3833, "sus": 3, "suspence_bill_no": null, "lab_testing_staff": "", "labour_charge": null, "work_charge": null, "car_taxi_charge": null, "boring_charge_external": null}}, {"pk": 4, "model": "tcc.suspence", "fields": {"test_date": null, "boring_charge_internal": null, "field_testing_staff": "", "job_no": 4, "rate": 1000, "sus": 4, "suspence_bill_no": null, "lab_testing_staff": "", "labour_charge": null, "work_charge": null, "car_taxi_charge": null, "boring_charge_external": null}}, {"pk": 1, "model": "tcc.organisation", "fields": {"director": "Dr. M.S. Saini", "phone": "0161-2491193, 506450", "logo_upload": "logo/gndeclogo.jpg", "name": "Guru Nanak Dev Engineering College", "address": "Gill Road, Gill Park, GNDEC Ludhiana"}}, {"pk": 1, "model": "tcc.department", "fields": {"dean": "Dr. Hardeep Singh Rai", "name": "Testing and Consultancy Cell", "organisation": 1, "faxno": 1615064742, "phone": "0161-2491193, 506450", "address": "Gill Road, Gill Park, GNDEC Ludhiana"}}, {"pk": 1, "model": "tcc.staff", "fields": {"code": "A", "name": "DR. J.N. Jha", "daily_income": 160, "lab": 3, "department": 1, "position": "Prof.", "email": ""}}, {"pk": 2, "model": "tcc.staff", "fields": {"code": "B", "name": "Prof. Kulbir Singh Gill", "daily_income": 120, "lab": 3, "department": 1, "position": "A.P", "email": ""}}, {"pk": 3, "model": "tcc.staff", "fields": {"code": "C", "name": "Dr. Jagbir Singh", "daily_income": 120, "lab": 2, "department": 1, "position": "A.P", "email": ""}}, {"pk": 4, "model": "tcc.staff", "fields": {"code": "D", "name": "Prof. Kanwaljit Singh Bedi", "daily_income": 120, "lab": 2, "department": 1, "position": "A.P", "email": ""}}, {"pk": 5, "model": "tcc.staff", "fields": {"code": "E", "name": "Dr. R.P.Singh", "daily_income": 100, "lab": 5, "department": 1, "position": "A.P", "email": ""}}, {"pk": 6, "model": "tcc.staff", "fields": {"code": "F", "name": "Prof.Puneet Pal  Singh", "daily_income": 100, "lab": 1, "department": 1, "position": "AP", "email": ""}}, {"pk": 1, "model": "tcc.bankdetails", "fields": {"accname": "sandeep", "address": "kjhf", "accountno": 9827357, "accountcode": "sa"}}]